sbscrbr,user_id,loyalty_badge,loyalty_spent,loyalty_accrue,Reg_date_time
2152390595,Sandor_Coakley,SLVR,14,7,08/05/2020
2363222315,Lyn_Maude,SLVR,6,63,08/04/2020
8031777977,Garnette_Clowton,SLVR,18,67,28/07/2020
3324245844,Lark_Goodwins,SLVR,2,80,14/04/2020
4344459543,Benedikta_Kainz,SLVR,28,44,20/10/2020
5824167174,Dyane_Lynam,SLVR,21,83,10/04/2020
9137031157,Urson_Andersson,BRNZ,20,60,11/07/2020
6574560964,Caralie_Ager,BRNZ,40,35,21/06/2020
8507144831,Sherlock_McJury,SLVR,66,92,09/08/2020
1058852350,Pyotr_Fosken,BRNZ,75,31,26/01/2020
5879009159,Elicia_Lamport,SLVR,29,29,09/03/2020
7598506704,Viola_Braham,PLAT,1,46,29/07/2020
8084937991,Ernst_MacGuffie,SLVR,69,80,23/01/2020
2749173407,Norean_Bestall,SLVR,59,26,30/05/2020
2021807324,Farah_Meletti,PLAT,77,1,30/11/2020
8775599439,Alberto_Quadri,BRNZ,72,55,01/04/2020
4682544228,Alica_Kloisner,PLAT,89,7,22/10/2020
7615701682,Genovera_Crimpe,SLVR,12,87,12/06/2020
6515664166,Jeffrey_Forde,SLVR,89,7,30/05/2020
2027766534,Ernaline_Meyrick,GOLD,19,91,16/06/2020
9866590863,Lucienne_Manford,SLVR,11,21,11/12/2020
9727152829,Kanya_Spaughton,BRNZ,96,56,01/08/2020
3932646752,Alaster_Papaccio,SLVR,95,10,27/11/2020
2699592901,Mandi_Diter,SLVR,2,69,14/05/2020
4196949779,Olivero_Avis,GOLD,94,74,24/03/2020
7969044816,Loreen_Bilofsky,SLVR,12,86,23/06/2020
7848228476,Paco_Jonson,BRNZ,52,5,04/07/2020
3595480181,Else_Boggs,SLVR,76,90,01/11/2020
3854509678,Georgine_Hymer,BRNZ,20,54,08/07/2020
7576518626,Portie_Lowres,GOLD,68,67,27/08/2020
9194468242,Barbaraanne_Ovid,GOLD,18,38,22/03/2020
5062718206,Eolande_Pauncefoot,GOLD,69,83,02/12/2020
9497883803,Valene_Witt,GOLD,35,67,10/02/2020
3754689807,Gwenora_PendeSLVR,SLVR,30,44,20/02/2020
3819802443,Ashley_Thomke,BRNZ,28,84,06/10/2020
1446730539,Kellen_Willatts,BRNZ,58,72,11/01/2020
3144967947,Odelinda_Purdy,BRNZ,49,73,18/09/2020
8632541976,Jeanelle_Sneden,GOLD,7,66,08/06/2020
4892011670,Weston_Mowling,GOLD,37,5,13/07/2020
4681738720,Sigrid_Bellwood,BRNZ,18,62,19/04/2020
6788186529,Luis_Mallan,PLAT,25,39,07/11/2020
5706085789,Merissa_Desquesnes,BRNZ,10,26,12/03/2020
6138634859,Nolana_Fairhead,PLAT,70,53,29/10/2020
4321819908,Anabel_Currin,SLVR,15,46,06/03/2020
5218485221,Celestia_Boyne,BRNZ,67,96,08/07/2020
8029855518,Rodrick_Lamberts,SLVR,80,82,13/07/2020
9425409194,Husein_Gaskin,BRNZ,20,70,18/10/2020
7125213137,Kimberlyn_Tidridge,BRNZ,83,27,16/05/2020
9285714279,Nicol_Andrea,PLAT,82,14,15/07/2020
7444122122,Stephi_Boote,SLVR,45,91,05/09/2020
3078473293,Carma_Cornier,PLAT,77,42,07/01/2020
7069570356,Liuka_Dudson,PLAT,12,33,13/03/2020
7186626560,Trix_Pettingill,GOLD,25,59,29/07/2020
6774425950,Shay_Niland,GOLD,87,84,20/02/2020
8483040830,Orion_Stickens,BRNZ,21,63,25/06/2020
7685734946,Lynnette_Leitche,SLVR,67,49,29/05/2020
8615221158,Jane_Marjoribanks,BRNZ,45,64,01/04/2020
7822494852,Genovera_Loach,SLVR,2,87,02/12/2020
1378147552,Elton_Hynard,SLVR,80,84,08/03/2020
2173622328,Virginia_Werrilow,BRNZ,82,62,05/08/2020
1716595282,Lorine_Horry,SLVR,3,41,10/08/2020
2071887566,Sigismund_Tipler,BRNZ,30,94,01/11/2020
7438259036,Lenka_Baus,GOLD,6,80,08/09/2020
7002374115,Bess_Farfalameev,SLVR,53,18,17/12/2020
6791200457,Hatty_Butt,SLVR,34,9,09/03/2020
9253308967,Artus_Lamzed,GOLD,70,35,19/10/2020
9364188816,Veronique_Gringley,BRNZ,53,25,28/01/2020
9025695205,Gradey_Galbraith,GOLD,37,95,24/05/2020
7736804460,Magnum_Bullocke,PLAT,72,27,28/07/2020
1156500870,Robina_Offener,BRNZ,68,2,30/07/2020
7664570754,Pattie_Barten,SLVR,100,73,16/04/2020
8525805034,Gabriella_Dominico,GOLD,75,65,24/01/2020
1681438737,Belita_Szymanowicz,PLAT,72,13,22/07/2020
5734278389,Renaud_Mardy,PLAT,55,14,16/03/2020
5843788607,Virge_Mapledoore,PLAT,17,5,05/02/2020
3459231640,Andrey_Antonowicz,PLAT,80,15,18/02/2020
5681497688,Stella_Searles,GOLD,44,79,11/09/2020
9045364026,Waneta_Spyer,BRNZ,40,82,29/04/2020
1762362430,Philis_Letson,SLVR,59,90,17/02/2020
7596664730,Shanan_Lye,PLAT,74,50,25/10/2020
1628575491,Jeana_Feltoe,GOLD,88,36,29/07/2020
8107160143,Myrtie_Kissack,SLVR,70,68,16/08/2020
2158656002,Kori_Klimov,BRNZ,68,96,24/03/2020
4215863595,Evelyn_Lindl,GOLD,19,29,07/07/2020
3744207447,Carrol_Fesby,SLVR,63,11,13/06/2020
5227746632,Elna_McKillop,SLVR,72,14,05/11/2020
9284374442,Natale_Thowless,PLAT,57,27,17/07/2020
5679471075,Yves_MacKowle,GOLD,74,99,16/06/2020
6768908786,Renae_Noar,GOLD,41,31,19/06/2020
4128074500,Cathi_Rangall,BRNZ,92,25,01/06/2020
2343036738,Jacki_Schrader,BRNZ,65,32,11/08/2020
3778885193,Beckie_Bulled,SLVR,53,93,14/08/2020
8626246544,Aurelea_Jakubczyk,SLVR,99,72,13/09/2020
3476120177,Milly_Ziemen,BRNZ,43,29,22/06/2020
2722569907,Hilton_Alessandretti,BRNZ,72,5,22/12/2020
1803505188,Melessa_Lugton,BRNZ,30,43,17/10/2020
6758538121,Norry_Foldes,SLVR,38,89,04/03/2020
2933796130,Paolina_Dwyer,PLAT,56,70,25/02/2020
1225292696,Marcellina_Bellow,SLVR,35,45,12/09/2020
7144320159,Elisha_Vlach,PLAT,99,87,16/02/2020
2096627248,Erl_Clare,SLVR,37,54,02/04/2020
9247745823,Hurley_Dufoure,SLVR,21,28,08/11/2020
7724373489,Devondra_Sapey,GOLD,43,92,01/03/2020
5478498273,Jami_Wingrove,SLVR,47,17,03/03/2020
1194173819,Lindsay_Scallan,BRNZ,35,59,03/08/2020
8094399441,Anastasie_Husk,GOLD,89,58,04/01/2020
7604773167,Robbie_Blodgetts,SLVR,35,61,26/10/2020
2718940218,Jemima_Andrassy,SLVR,10,38,08/03/2020
8316239397,Norry_Klaff,BRNZ,73,64,13/10/2020
5992394306,Loree_Joubert,SLVR,67,70,13/01/2020
1212756925,Barton_Greeves,SLVR,70,4,04/03/2020
4893847672,Peyter_Abbatucci,PLAT,63,84,04/03/2020
2803269101,Fallon_Rowesby,BRNZ,38,69,17/01/2020
6351921536,Tally_Beneze,BRNZ,62,19,09/10/2020
3267009970,Rutledge_Guyet,GOLD,47,82,26/11/2020
6847541761,Heath_Kanwell,PLAT,81,18,25/09/2020
5901445460,Wilmar_Goring,PLAT,67,17,30/12/2020
5137162047,Ly_Leebeter,GOLD,11,5,18/08/2020
8863450411,Camellia_Fomichkin,BRNZ,52,36,30/06/2020
2685892262,Christoper_Eberz,SLVR,40,90,16/02/2020
7098691164,Dyann_Blackborne,BRNZ,49,77,20/04/2020
2012209032,Clem_Castagna,BRNZ,13,79,17/04/2020
6814987711,Corena_Vaines,GOLD,98,6,14/01/2020
7573494558,Sal_Pedri,PLAT,21,83,19/09/2020
9901219983,Yoshiko_Cestard,PLAT,41,24,08/03/2020
8224203358,Kimberly_Naul,GOLD,67,48,30/11/2020
3601947220,Marjie_Widd,PLAT,100,43,14/02/2020
9841422344,Haily_Jaquest,SLVR,15,8,12/08/2020
1128050885,Calley_Critchell,SLVR,22,86,24/01/2020
5395446628,Antonia_Spohrmann,GOLD,22,98,01/08/2020
5825328583,Electra_Whyard,BRNZ,58,54,08/08/2020
2034962840,Charissa_Bootell,SLVR,43,48,13/11/2020
3644230143,Fran_Bowerbank,SLVR,83,44,15/02/2020
4801357382,Orazio_Hounihan,SLVR,41,26,05/06/2020
5611334030,Nickolai_Gregoratti,PLAT,56,17,23/06/2020
9579094994,Bealle_Wisam,PLAT,47,4,04/05/2020
1315416829,Ruttger_Lyes,PLAT,62,1,29/10/2020
7363117661,Karylin_Impson,BRNZ,34,92,09/09/2020
2405618454,Austen_Lightbown,BRNZ,70,67,16/11/2020
2145157625,Christyna_Marvin,BRNZ,54,90,12/02/2020
6854050411,Billie_McEachern,BRNZ,26,59,24/05/2020
6317881902,Clarinda_Seamons,BRNZ,92,19,27/06/2020
6651906148,Cinnamon_Hearons,BRNZ,70,100,13/06/2020
2959157218,Linn_Venton,PLAT,45,27,19/07/2020
8188114382,Anatola_Stripling,PLAT,55,46,26/05/2020
9081936370,Vincent_Shevill,PLAT,79,55,27/08/2020
1044946240,Bendicty_Corinton,SLVR,59,34,17/03/2020
6878617338,Malva_Yegorshin,BRNZ,87,12,11/04/2020
2067464136,Mahala_Loxley,GOLD,99,19,06/08/2020
2404718927,Hillyer_Traves,BRNZ,96,5,06/11/2020
7632184391,Lorianne_Maddison,SLVR,59,72,31/03/2020
7418051999,Jareb_Shorey,BRNZ,91,99,06/07/2020
8993240185,Gerhardine_Curnick,PLAT,22,37,28/12/2020
8122533428,Jody_Farnworth,PLAT,88,13,07/03/2020
8466432146,Kym_Heatherington,SLVR,83,12,17/03/2020
6205919109,Sheridan_Edwins,PLAT,13,32,22/07/2020
3039075970,Sofie_Stangoe,SLVR,59,45,19/06/2020
5621538689,Christabella_Lowfill,SLVR,42,61,06/04/2020
9188444729,Isabelita_Perl,GOLD,46,10,19/08/2020
1969257912,Dede_Rowthorne,PLAT,60,61,27/06/2020
9926613092,Ula_Peploe,GOLD,43,12,26/05/2020
2495470728,Loise_Bruno,PLAT,64,17,28/09/2020
5004679267,Corinna_Friberg,BRNZ,61,55,11/03/2020
6263159742,Darnell_Dot,GOLD,96,17,12/07/2020
7107769929,Elsie_Leyton,SLVR,11,49,08/08/2020
2674456867,Bettye_Plaskitt,GOLD,4,16,16/05/2020
4121356216,Linea_Carillo,PLAT,59,73,22/10/2020
1298634552,Guglielma_Coulter,GOLD,11,49,08/12/2020
1164361589,Brew_Storch,SLVR,61,52,18/10/2020
6881006493,Kristy_Pardal,BRNZ,15,85,02/04/2020
4131561011,Mordecai_Edmead,SLVR,32,14,20/01/2020
2045458957,Fanechka_Walters,GOLD,6,48,01/12/2020
1279956023,Rora_Tour,PLAT,41,62,22/06/2020
8749717044,Harlene_Skelton,SLVR,56,53,24/07/2020
2111376311,Arvin_Huge,BRNZ,3,2,16/08/2020
9628113723,Desirae_Matthews,SLVR,68,78,01/10/2020
3283090681,Farand_Lambshine,GOLD,61,45,22/12/2020
5962292272,Shamus_Longo,SLVR,8,94,13/01/2020
4306713388,Josias_Esome,GOLD,98,87,27/07/2020
8296472968,Bonnee_Heathwood,SLVR,81,54,18/01/2020
2104385835,Lark_Goor,BRNZ,57,74,27/06/2020
3396476606,Carolynn_Dimsdale,PLAT,52,4,14/12/2020
5415554075,Rosina_Alwood,PLAT,38,2,29/07/2020
7411605846,Niall_Burgett,SLVR,7,16,02/03/2020
2849885241,Huntley_Polo,BRNZ,73,99,31/10/2020
7141924469,Mort_Ledekker,PLAT,88,30,03/11/2020
5426493791,Krystle_Mowat,BRNZ,58,78,14/04/2020
6196705105,Kelcey_Hancke,SLVR,29,6,12/07/2020
6731414098,Donalt_Hann,PLAT,93,59,23/11/2020
3783119554,Anastassia_Guidi,SLVR,18,66,08/09/2020
1392586111,Brianne_Strauss,GOLD,10,40,14/01/2020
5565759548,Mead_Gristwood,BRNZ,17,28,05/09/2020
9244884405,Yance_Rickword,BRNZ,80,33,12/02/2020
8982823617,Nessi_Blowick,BRNZ,42,26,18/07/2020
9187618409,Tim_McCane,SLVR,43,6,13/05/2020
7763069065,Allina_Trounce,BRNZ,80,15,27/11/2020
8984183809,Halsey_Cormode,GOLD,83,58,03/11/2020
8448820744,Gunar_Seed,BRNZ,20,17,14/09/2020
7231645076,Trudi_O'Hickee,BRNZ,65,60,31/08/2020
3912929272,Averyl_Franzoli,PLAT,89,11,22/02/2020
9096580621,Scarlett_Burchill,BRNZ,78,76,14/07/2020
1416406023,Cathyleen_Falshaw,GOLD,36,36,06/05/2020
6581283426,Wrennie_Stanbridge,SLVR,68,59,18/02/2020
4826415132,Huberto_Erskine,PLAT,45,82,19/04/2020
6188898897,Raeann_Lowey,SLVR,96,78,14/12/2020
9717478738,FSLVRdie_Arnke,SLVR,24,55,28/06/2020
5625187837,Alden_Greave,BRNZ,1,38,21/01/2020
5432743546,Carmine_Mcettrick,SLVR,23,85,06/12/2020
6454455147,Daryl_Bartosinski,GOLD,28,85,23/08/2020
1558205599,Stanton_Rylstone,BRNZ,32,20,21/05/2020
8301077049,Sada_Fairfoull,BRNZ,37,48,28/02/2020
1966892732,Raleigh_Snar,SLVR,80,16,13/11/2020
3996448723,Wye_Helbeck,SLVR,78,57,07/07/2020
2995186931,Morrie_Nesby,BRNZ,35,96,05/02/2020
8056001779,Hinda_Berardt,GOLD,81,50,25/12/2020
3819572498,Darbie_Townson,GOLD,36,61,05/11/2020
5242707036,Solomon_StSLVRwick,SLVR,96,29,14/01/2020
5034508847,Briny_Chastaing,BRNZ,90,54,13/12/2020
4557788758,Kile_McPharlain,GOLD,78,85,11/12/2020
1064647844,Stephenie_Florentine,GOLD,32,52,19/12/2020
8013507831,Romy_Draper,SLVR,8,100,21/05/2020
7226428738,Nessy_Gerholz,GOLD,73,62,17/04/2020
1597163259,Alair_Jacobi,SLVR,91,100,03/04/2020
4345609670,Iorgo_Whitehead,GOLD,99,86,08/01/2020
6989783465,Una_O'Lagen,PLAT,87,65,20/07/2020
3654410773,Chaim_Jobbing,BRNZ,21,74,07/11/2020
7871279927,Jaquelin_Moyse,PLAT,94,62,14/07/2020
8847580622,Wilmer_Tregonna,GOLD,45,32,10/07/2020
1594446082,Emelen_Rabbitt,BRNZ,14,15,07/11/2020
5092419068,Richart_Albiston,GOLD,79,34,27/04/2020
7504048694,Hadley_Asipenko,PLAT,61,1,10/10/2020
8507773947,Stanislas_Bernardotte,SLVR,26,50,03/04/2020
4748393025,Maryjane_Francecione,GOLD,65,13,28/05/2020
2456066143,Darrelle_Lefeuvre,GOLD,7,84,12/09/2020
9368736516,Loralie_MacKettrick,SLVR,13,79,12/05/2020
9745491526,Cammy_Skoggings,GOLD,85,29,06/12/2020
3251512455,Hollis_Antonioni,SLVR,64,74,29/03/2020
3334278462,Annamaria_Humphrys,PLAT,97,84,14/11/2020
3064227998,Orelia_Undrell,BRNZ,14,54,20/10/2020
3958130073,Justin_Orsay,SLVR,6,20,24/06/2020
8767131274,Jess_Riddell,SLVR,93,13,24/06/2020
9402216548,Nessi_Kubicek,SLVR,24,65,02/12/2020
2189432489,Donelle_Ivantyev,SLVR,46,80,24/02/2020
9335999382,Tressa_Schwandermann,BRNZ,15,38,06/08/2020
3626464491,Lyndsie_Bletcher,PLAT,74,24,23/11/2020
7993099377,Dianemarie_Elland,BRNZ,4,4,08/05/2020
4192113367,Ginger_Phelps,SLVR,90,89,28/07/2020
3622431060,Garfield_Helkin,SLVR,80,18,30/12/2020
7897179223,Jennee_Giordano,PLAT,60,95,07/04/2020
1524393998,Estrella_Roalfe,SLVR,88,12,26/07/2020
4725573038,Amabel_Howbrook,SLVR,41,97,17/08/2020
5512414015,Jeanna_Hune,BRNZ,17,9,24/08/2020
5009441539,Caroljean_Clapham,GOLD,15,41,11/10/2020
3491279968,Linus_Carletti,BRNZ,87,62,20/03/2020
2839670088,Lou_Moyce,BRNZ,68,66,02/08/2020
7873394907,Opalina_Schulken,SLVR,76,34,09/12/2020
5732715268,Jesse_Bransom,BRNZ,32,28,18/07/2020
6672758308,Gard_Brownjohn,BRNZ,66,46,04/11/2020
6847542496,Monro_Fawdry,GOLD,65,24,10/11/2020
2894593727,Tadeo_Legerton,BRNZ,68,11,03/07/2020
7629604316,Koral_Tommeo,BRNZ,36,34,19/07/2020
6297212659,Aurel_Cranshaw,BRNZ,85,93,22/10/2020
1978083745,Aurilia_Samter,BRNZ,11,94,18/07/2020
5254884706,Bendix_Haselden,SLVR,19,37,28/11/2020
7822325845,Oliver_Daintree,PLAT,89,99,09/03/2020
9946764088,Becki_Beaves,BRNZ,33,3,18/06/2020
3219093870,Arther_Walshaw,GOLD,81,2,09/12/2020
5223018505,Griz_Chessun,PLAT,78,31,12/04/2020
2042112668,Devonna_Paolacci,SLVR,84,45,22/01/2020
4092921252,Agneta_Greasley,SLVR,27,11,28/02/2020
4761720234,Nanon_Callacher,BRNZ,70,96,03/11/2020
6595243752,Baldwin_Meneo,GOLD,66,17,02/01/2020
3748770415,Glenn_Guislin,SLVR,1,88,27/12/2020
2055845117,Emlynne_Titt,PLAT,46,70,28/11/2020
1238903114,Linus_Hamsley,PLAT,43,49,25/06/2020
4781124958,Glenda_Chin,PLAT,4,16,29/05/2020
7646518185,Clay_Iacomi,BRNZ,74,11,18/07/2020
3103329651,Oriana_Yoxall,PLAT,40,97,01/09/2020
3609298220,Erny_McVity,PLAT,26,6,30/09/2020
4664861936,Sosanna_Kalisz,BRNZ,3,80,22/07/2020
9056785444,Flss_Jannex,BRNZ,17,3,16/11/2020
8523333015,Haskell_Olohan,GOLD,91,25,22/09/2020
6906575365,Bea_Biffen,PLAT,70,39,25/02/2020
8575501630,Edlin_Standing,SLVR,96,24,16/01/2020
9711510733,Zilvia_Gert,PLAT,4,90,26/02/2020
5741563586,Brina_De_Mars,SLVR,90,72,20/11/2020
3931471148,Syd_Rowley,BRNZ,64,97,27/03/2020
6857849582,Orv_Backs,PLAT,54,2,16/05/2020
5121765654,Marin_Blackstock,SLVR,10,80,13/09/2020
5607296981,Rebecca_Tomaszewski,BRNZ,40,26,24/05/2020
7618598133,Flora_Trees,PLAT,51,65,22/06/2020
7212084191,Mariel_Kaser,SLVR,94,61,15/04/2020
5093615854,Nappy_Rennebeck,PLAT,23,15,23/03/2020
3496329273,Paulie_Rycroft,BRNZ,53,49,11/08/2020
8267988821,Cly_Raiment,SLVR,10,60,10/03/2020
5715734777,Alysia_D'eathe,BRNZ,29,97,08/12/2020
6388721811,Rena_Siene,PLAT,44,43,19/03/2020
5156125637,Quintin_Hentze,SLVR,81,69,01/01/2020
5602888902,Christal_Lumbers,BRNZ,61,59,16/09/2020
2986283801,Hildegaard_Gossington,SLVR,43,27,19/10/2020
2199140682,Odella_McKissack,SLVR,32,46,03/06/2020
4412896678,Candra_Jouhning,GOLD,58,86,30/08/2020
3005571130,Brinna_Shipcott,SLVR,99,80,16/10/2020
7053507006,Lannie_Attack,BRNZ,54,8,12/08/2020
1732454824,Ebony_Stitle,PLAT,91,43,01/05/2020
6436072347,Clarette_McFfaden,SLVR,36,47,17/07/2020
3289803541,Lowe_Dudeney,PLAT,23,88,09/06/2020
4182984575,Jodie_McReynold,BRNZ,74,49,18/06/2020
9195835434,Wilmar_Ferrarini,GOLD,3,28,30/07/2020
7749233895,Gilly_Conwell,GOLD,21,6,15/05/2020
6362734544,Hilde_Eldrett,SLVR,49,5,05/04/2020
8483947225,Neille_Duiged,GOLD,49,93,26/01/2020
2066877388,Jillayne_Fodden,GOLD,92,73,24/07/2020
4642383071,Astrid_Markey,PLAT,19,73,23/05/2020
2308739440,Malvin_Blain,SLVR,95,62,27/08/2020
2024579517,Pascale_SLVRmain,BRNZ,59,27,28/03/2020
8143187195,Sher_Hendrich,PLAT,7,23,08/11/2020
2473292591,Hartley_Hollow,SLVR,28,93,18/12/2020
1549361348,Fay_Bachs,PLAT,82,6,25/01/2020
2704853972,Rosanna_Darbon,BRNZ,60,33,16/04/2020
5817725294,Cordula_Worcester,SLVR,14,34,10/05/2020
1791213980,Tan_Huxton,PLAT,6,30,30/09/2020
3074800473,Luca_Snewin,BRNZ,7,16,03/12/2020
1986498129,Eamon_Coughtrey,SLVR,64,33,25/05/2020
2288523354,Aguie_Penrose,SLVR,5,45,24/08/2020
2936982989,Gaylene_Hawyes,PLAT,89,4,01/12/2020
2092672995,Samuele_Laneham,BRNZ,96,65,20/03/2020
5907472554,Leighton_Alvares,BRNZ,33,12,18/12/2020
9766178765,Gearard_Branni,BRNZ,58,70,30/08/2020
5302194416,Amelia_Smooth,SLVR,78,32,05/06/2020
9402733567,Luise_Rapp,PLAT,8,76,21/05/2020
6048098096,Karyn_Martinovsky,GOLD,76,3,08/01/2020
1468225736,Husain_Chiswell,PLAT,41,77,17/11/2020
9389635534,Ermina_Ginnell,SLVR,38,78,29/10/2020
6288976872,Gregoire_Mudle,SLVR,74,67,24/12/2020
6594009237,Roseanne_Callam,GOLD,45,87,03/06/2020
8725928890,Marlyn_Meddings,BRNZ,51,85,14/01/2020
6972967007,Bevan_Jaquemar,BRNZ,15,38,28/05/2020
9221966029,Dniren_O'Flynn,PLAT,90,21,16/06/2020
3429382805,Goran_Etchells,BRNZ,36,55,27/06/2020
3314479075,Myca_Fluck,PLAT,32,50,26/06/2020
7844155205,Audra_Weetch,BRNZ,99,23,22/01/2020
6433129271,Danie_Bruckenthal,SLVR,48,32,17/06/2020
6521574108,Dall_Slatter,BRNZ,79,25,06/04/2020
8636522622,Edeline_Oury,SLVR,58,90,06/11/2020
2889695868,Russell_Clubley,PLAT,19,43,09/11/2020
7406914151,Melitta_Cozins,SLVR,61,3,01/02/2020
7269657591,Loraine_Whiteoak,SLVR,72,27,17/02/2020
1682303531,Abby_Whitaker,GOLD,6,54,26/03/2020
1994698128,Delia_Kummerlowe,GOLD,88,5,18/05/2020
5028321473,Gill_Hearnaman,GOLD,24,88,26/12/2020
2599732255,Marten_Ferber,SLVR,66,39,03/02/2020
1639292263,Hetty_Sheaber,SLVR,11,84,19/06/2020
9484370250,Daniella_Gosdin,BRNZ,32,71,23/07/2020
2102854566,Tierney_Ridwood,PLAT,63,41,18/11/2020
9932724499,Zorana_Ben,BRNZ,38,81,23/10/2020
8205704840,Aldus_Hopfer,BRNZ,35,71,24/05/2020
3514087743,Daniele_Audas,BRNZ,42,14,05/07/2020
6521326024,Tomkin_Skrine,BRNZ,16,40,30/08/2020
5898989537,Etti_Ponter,BRNZ,25,31,19/12/2020
3035430636,Augusta_McCormack,SLVR,99,55,26/06/2020
5576916846,Barry_Mercer,SLVR,88,71,26/09/2020
6329379901,Maryrose_Seivertsen,BRNZ,74,21,18/08/2020
1819463352,Orsola_SLVRin,GOLD,9,69,27/12/2020
4046579391,Alejoa_Woodruff,SLVR,19,49,20/08/2020
7965424737,Belinda_Wasling,GOLD,63,75,10/02/2020
5565430985,Tabbie_Mc_Comb,PLAT,77,87,08/08/2020
1665654309,Dedie_Bendelow,BRNZ,15,79,23/09/2020
5338294907,Sean_Labarre,BRNZ,37,12,23/08/2020
2567576443,Raquela_Pavese,SLVR,78,77,27/04/2020
1581733124,Hube_Birckmann,BRNZ,59,65,16/02/2020
6862230002,Sonya_Shearsby,PLAT,28,42,16/04/2020
2753977097,Noll_McElhinney,SLVR,53,50,12/07/2020
9126293394,Stanleigh_Sarll,BRNZ,1,90,11/09/2020
8329006166,Angelle_Punton,BRNZ,17,57,12/02/2020
5907212083,Hart_Laux,BRNZ,58,11,03/07/2020
8711639690,Bondon_Wigglesworth,BRNZ,52,20,04/03/2020
6802297835,Drusilla_Firmager,PLAT,17,43,05/06/2020
4239556544,Catrina_Dunnaway,BRNZ,59,35,30/10/2020
8154539790,Ketti_Botly,GOLD,15,13,08/01/2020
5701351611,Alverta_Hailey,SLVR,86,5,01/02/2020
7611414861,Rudyard_Marcus,SLVR,70,52,19/10/2020
5344419122,Kimberlee_Fickling,SLVR,39,74,06/08/2020
1009249344,Karie_Longstaff,SLVR,44,22,06/02/2020
2893042736,Paxon_Orro,SLVR,20,87,09/02/2020
2248067649,Caldwell_SpainGower,BRNZ,75,23,22/01/2020
9629831570,Ellen_Linge,BRNZ,69,9,25/08/2020
5478546984,Boycie_Hunnicot,PLAT,51,18,04/01/2020
5702188526,Dane_Burchell,SLVR,35,14,15/11/2020
8627597229,Yul_Sherlaw,BRNZ,28,34,10/11/2020
4308461721,Thorstein_Nuccii,PLAT,23,67,29/11/2020
4594833832,Urban_Danskine,BRNZ,91,93,22/10/2020
5968183775,Melony_Staveley,PLAT,53,87,25/08/2020
8117764607,Dun_Ortell,SLVR,57,56,15/11/2020
5781909455,Flossie_Wyrill,PLAT,4,15,14/09/2020
8662181319,Brodie_Agostini,SLVR,88,95,27/06/2020
1051125036,Kaile_Dalgarnowch,BRNZ,43,42,25/04/2020
6586636222,Walliw_Monier,SLVR,59,90,18/05/2020
4842015640,Loralee_Haggus,BRNZ,43,53,12/11/2020
8673799338,Blanca_Shepley,SLVR,80,63,01/11/2020
3986240876,Randene_Tarbatt,SLVR,16,96,27/03/2020
8765519122,Georgine_Cosbee,SLVR,73,25,15/05/2020
5981410385,Enid_Vlasov,SLVR,98,62,08/02/2020
5113948188,Matelda_Batson,GOLD,28,4,25/08/2020
2721821789,Kendrick_Witcomb,GOLD,30,27,12/06/2020
7839973003,Onfroi_Fathers,BRNZ,36,84,28/06/2020
4362587329,Tyler_Bottoms,SLVR,57,89,08/03/2020
5984913510,Ki_d'_Eye,BRNZ,64,70,30/06/2020
6242176255,Vinny_Kolakowski,BRNZ,38,12,17/01/2020
8651922540,Allister_Burstowe,GOLD,25,82,11/01/2020
8978162311,Casandra_Kringe,SLVR,67,58,16/05/2020
8753027828,Isahella_Bartusek,GOLD,95,99,25/03/2020
2335692914,AlfSLVR_Nelthorpe,PLAT,71,63,22/08/2020
7086461533,Tova_Lernihan,SLVR,42,65,26/12/2020
1114398583,Wally_Le_Maitre,PLAT,90,59,24/02/2020
7146727061,Jordan_Sein,GOLD,42,17,27/12/2020
6961085497,Jessalin_Filer,PLAT,45,5,15/02/2020
4964553900,Mariya_Bezant,GOLD,35,24,19/06/2020
6178193255,Alisha_Harcombe,BRNZ,28,85,23/09/2020
1707475053,Ellissa_Moar,SLVR,20,46,10/06/2020
3042970618,Sadie_Ashford,GOLD,82,88,25/02/2020
7038303787,Cristina_De_Vaar,BRNZ,34,47,25/04/2020
2128152763,Norbie_Venmore,SLVR,39,19,19/02/2020
4631826594,Harv_Tawn,BRNZ,33,2,22/03/2020
1155918693,Dane_MacArte,GOLD,34,8,19/01/2020
5873743591,Wheeler_Side,GOLD,13,31,21/01/2020
2006396085,Eilis_Denholm,SLVR,54,4,25/03/2020
1721465184,Egbert_Keating,BRNZ,36,19,14/06/2020
3354621516,Ezra_Aylott,SLVR,66,67,09/06/2020
5537093904,Neal_Leyninye,BRNZ,50,83,23/06/2020
6471139357,Leticia_Pavis,BRNZ,58,72,27/03/2020
7779802401,Bambie_Lamboll,GOLD,79,12,24/01/2020
5715932417,Torey_Liquorish,PLAT,78,17,30/11/2020
5405096882,Bryana_MacCathay,BRNZ,53,62,21/08/2020
6104370843,Sloane_Leahey,SLVR,95,62,31/08/2020
5432301313,Chester_McGow,GOLD,56,19,28/05/2020
2728621627,Becki_Warden,GOLD,90,40,23/06/2020
2554109230,Anett_Ryding,BRNZ,45,60,15/06/2020
5772499117,Cy_Jaggi,SLVR,77,88,01/03/2020
7118755484,Nancie_Youngman,GOLD,7,40,02/11/2020
3939575940,Keen_Ducket,GOLD,28,32,29/09/2020
6101500067,Ediva_McGunley,BRNZ,42,1,06/08/2020
3837582728,Christin_Tupman,GOLD,35,69,31/05/2020
6576632015,Nedi_Trafford,BRNZ,29,65,01/01/2020
9949688587,Neil_Mallord,GOLD,59,88,01/03/2020
1508989273,Benyamin_Rendall,BRNZ,33,72,23/12/2020
1349541686,Geno_Shoosmith,PLAT,75,67,27/10/2020
2018579922,Clarke_Stollenhof,SLVR,36,9,11/12/2020
8007860379,Ema_Fairlie,BRNZ,14,72,05/04/2020
4555986897,Euell_Dwelly,PLAT,81,31,15/08/2020
3993692412,Ebenezer_Alldritt,SLVR,48,3,05/07/2020
1934020804,Brittan_Espinay,PLAT,63,48,28/04/2020
8644107523,Cathi_Towle,PLAT,100,83,13/04/2020
5611436861,Angeli_Rubury,BRNZ,21,100,07/04/2020
4008618105,Emmye_Duplain,SLVR,58,7,05/02/2020
3239123425,Marika_Tythacott,BRNZ,3,32,12/01/2020
5337577270,Vinny_Patchett,BRNZ,72,95,27/02/2020
8599476260,Bentley_Fawckner,PLAT,44,12,07/04/2020
6031586580,Maryjo_Morin,BRNZ,47,50,26/05/2020
4275598609,Hogan_Finnes,GOLD,2,44,23/02/2020
7777646852,Lancelot_Siebert,SLVR,25,22,28/04/2020
6571148313,Reena_Rowcliffe,BRNZ,12,18,25/03/2020
5254083319,Gilbertine_Melsome,BRNZ,20,80,29/01/2020
4439943686,Chrissy_McDunlevy,SLVR,11,49,10/08/2020
7228168306,Nikki_Rastrick,PLAT,66,42,28/01/2020
7796799880,Damian_Cornock,BRNZ,87,94,21/10/2020
5548901755,Jareb_Diego,BRNZ,9,86,09/10/2020
8128124432,Bart_Placidi,GOLD,74,30,10/06/2020
7492255064,Robbie_Stroulger,GOLD,16,39,22/08/2020
5186251036,Stefa_Geater,GOLD,45,42,23/12/2020
2642946516,Gratiana_Hebbes,BRNZ,3,68,25/11/2020
2054104678,Yule_Sabban,SLVR,8,28,08/07/2020
8467961532,Lucille_Olsson,SLVR,3,12,30/01/2020
8081203947,Orella_Labbet,SLVR,92,9,12/08/2020
4688697501,Bernita_Clemenceau,SLVR,56,60,12/04/2020
3871570151,Betta_Ivanovic,BRNZ,10,63,20/05/2020
7874437075,Andrus_Dewdney,SLVR,11,4,11/05/2020
3812005315,Helen_Bugge,PLAT,54,27,04/08/2020
7971209676,Dasi_Prandini,GOLD,46,72,07/08/2020
9031149747,Mireille_Ambrosoli,BRNZ,85,82,05/09/2020
1989862850,Farlee_Burden,SLVR,88,57,26/05/2020
1597339298,Luigi_Bordessa,BRNZ,29,57,03/08/2020
2347798298,Alicea_Spinnace,BRNZ,5,90,25/10/2020
8111565344,Ardenia_Noice,GOLD,84,4,07/07/2020
5531456195,Dode_Jancey,PLAT,55,89,20/06/2020
3823237822,Neille_Khidr,GOLD,99,62,13/04/2020
5137587038,Tristan_Van_Oort,BRNZ,57,95,19/04/2020
6702190755,Avis_Moine,SLVR,51,37,17/09/2020
9379416460,Reeva_O'Donohue,BRNZ,47,30,11/11/2020
2628828987,Adan_Borland,BRNZ,64,42,26/06/2020
2207887410,Janessa_Slingsby,SLVR,44,34,26/08/2020
8628830510,Conway_Longfut,GOLD,62,50,17/03/2020
8139327840,Rodie_Romanetti,BRNZ,57,73,04/08/2020
6741748355,Rudolfo_Cloute,PLAT,57,56,23/02/2020
5528229968,Kendal_Shellard,BRNZ,64,70,10/11/2020
5245748998,Phillipp_Tarney,GOLD,30,15,26/02/2020
9505125624,Bobby_Olufsen,BRNZ,33,41,15/02/2020
7865544557,Nollie_Rubbert,BRNZ,31,13,05/10/2020
3052338695,Samuele_Just,PLAT,76,28,10/10/2020
8112755051,Delora_Leckie,BRNZ,34,58,21/05/2020
1123297125,Shelden_Scanlan,GOLD,100,57,28/11/2020
2048353928,Josey_Niess,PLAT,66,42,19/06/2020
1232963885,Galen_Welland,GOLD,25,32,04/12/2020
8236765289,Ferdinanda_Sunman,PLAT,83,37,18/11/2020
2877695770,Ellery_Stollman,BRNZ,42,95,14/08/2020
8967575093,Moe_McAster,SLVR,28,19,04/04/2020
9873276137,Randy_Lorent,BRNZ,41,9,31/07/2020
4993738169,Emlen_Idney,SLVR,64,47,17/11/2020
2348154486,Geralda_Lathwood,GOLD,52,13,25/10/2020
3574701509,Gabi_Trounson,PLAT,42,91,11/09/2020
4478376348,Jareb_Kapiloff,GOLD,94,43,30/09/2020
2781206461,Hailey_Burroughes,BRNZ,2,33,20/04/2020
9312848439,Toinette_Matthieson,BRNZ,78,1,21/04/2020
7789338963,Ema_Heal,BRNZ,73,63,19/04/2020
5973124654,Teresina_Caccavari,SLVR,4,90,02/12/2020
5829283864,Ashli_Tatlow,SLVR,44,2,12/10/2020
4419928368,Quinlan_Narrie,SLVR,23,16,29/07/2020
2793232131,Britte_Casotti,BRNZ,56,27,09/02/2020
5933017373,Bartram_Swiggs,BRNZ,31,40,30/03/2020
7215239021,Kipp_Prise,SLVR,91,36,21/04/2020
3002297290,Eliot_Shuxsmith,GOLD,25,71,12/07/2020
8625737990,Carley_Caldero,GOLD,48,11,29/09/2020
2877103236,Amandy_Beckham,GOLD,81,90,05/05/2020
4096383243,Billi_Boles,GOLD,90,33,03/11/2020
1756955891,Bunnie_Caslane,GOLD,12,10,07/08/2020
5043194610,Hansiain_Fuentez,BRNZ,23,22,13/07/2020
3131897804,Dara_Halcro,SLVR,93,90,29/02/2020
7202414755,Coral_Hails,BRNZ,34,83,21/12/2020
7584233517,Ailee_Ashfield,BRNZ,64,85,18/11/2020
3049691700,Ofella_Barford,BRNZ,30,80,22/08/2020
5022381119,Winny_O'Codihie,BRNZ,11,34,05/11/2020
1732845500,Amie_Attwooll,PLAT,2,65,10/08/2020
8101183309,Page_Biesterfeld,SLVR,10,78,07/08/2020
9049966109,Hedda_Sorton,SLVR,40,89,21/06/2020
9285421447,Noe_Klyner,BRNZ,100,15,24/12/2020
9058159395,Andre_Saint,PLAT,84,50,13/05/2020
6281940576,Den_Munday,GOLD,25,87,07/02/2020
5936246408,Verena_Tubb,BRNZ,25,34,12/06/2020
3811216447,Tiphany_McGreal,BRNZ,100,19,04/10/2020
8686917250,Ber_Gerhartz,PLAT,10,56,26/02/2020
4611041941,Abraham_Chataignier,BRNZ,95,9,29/05/2020
5278880809,Danielle_Rospars,SLVR,70,49,04/09/2020
9318343272,Bryant_Ramme,GOLD,76,81,21/01/2020
8617702958,Ali_Stanistreet,PLAT,19,99,30/11/2020
1443490909,Lory_Watts,PLAT,93,88,27/07/2020
4293735036,Andi_Ciccarelli,SLVR,89,85,01/11/2020
7424027291,Emili_Yegorkin,SLVR,39,65,14/01/2020
9988569451,Beverlie_Swinden,BRNZ,65,28,21/03/2020
8936112977,Darrin_Bollis,PLAT,93,41,27/06/2020
1268201201,Torey_Butten,PLAT,58,7,07/08/2020
7364369171,Glenn_Stansfield,BRNZ,63,50,05/09/2020
1768566411,Gannon_Padefield,PLAT,73,62,17/12/2020
6841797564,Mariquilla_Fugere,PLAT,64,63,29/04/2020
4819983008,Augustine_Vain,BRNZ,38,40,30/10/2020
1643848762,Tamma_Viger,BRNZ,23,49,13/09/2020
4506435280,Timi_Spickett,PLAT,40,30,30/07/2020
1609928122,Bernadina_McCumesky,SLVR,43,65,19/08/2020
6539917258,Janessa_Wightman,PLAT,35,27,10/10/2020
3304104948,Mirna_Hexham,BRNZ,31,43,18/04/2020
5375549286,Hamid_Faucherand,SLVR,90,99,25/05/2020
2617601056,Carver_Franklyn,SLVR,49,53,17/06/2020
1647962937,Umberto_Colleran,BRNZ,31,9,22/05/2020
4842002562,Lindsey_Hatchell,PLAT,45,21,19/08/2020
5211560396,Paloma_Pitfield,PLAT,71,83,17/02/2020
1009684777,Brnaby_Noke,SLVR,88,85,16/02/2020
6611295706,Timmie_Legister,GOLD,72,24,11/08/2020
8894008743,Bart_Eloi,GOLD,94,59,18/02/2020
8946939167,Daniel_Ciobotaro,PLAT,85,15,27/11/2020
5131439762,Robinette_Durham,PLAT,23,29,07/11/2020
6287897180,Hurley_Shuxsmith,SLVR,43,12,17/03/2020
7507766329,Verile_Roff,BRNZ,51,20,26/12/2020
9495402527,Bjorn_Degnen,GOLD,68,68,23/09/2020
3709211383,Lanny_O'Connel,SLVR,39,20,27/09/2020
3184828913,Torie_Aymeric,BRNZ,89,92,10/05/2020
4703687839,Cymbre_Yushin,PLAT,53,18,04/09/2020
1682740800,Carline_Le_Monnier,SLVR,39,41,15/08/2020
4143933476,Gwyneth_Greasley,PLAT,38,16,24/08/2020
2482009470,Bevan_Jackalin,PLAT,73,14,14/12/2020
1435586695,Joline_Ratke,SLVR,79,72,11/01/2020
5085504834,Marlow_Gollard,BRNZ,72,14,18/11/2020
8531781198,SLVRte_Freezor,GOLD,38,66,25/04/2020
5467751739,Isidore_Maunders,PLAT,19,7,01/11/2020
5231859287,Reggy_Raynor,SLVR,61,72,12/06/2020
8195094291,Dannel_Roblou,PLAT,30,52,30/07/2020
2388270504,Rochelle_Dyne,PLAT,14,42,04/09/2020
5034361480,Ambrose_Kither,PLAT,6,92,26/10/2020
1466154600,Genia_Sansbury,SLVR,74,75,18/11/2020
2978742660,Pippo_Flatt,BRNZ,28,100,15/06/2020
6479472587,Kariotta_Wingrove,BRNZ,59,82,13/03/2020
3581499938,Pietrek_Sweetland,GOLD,93,13,12/10/2020
6679457813,Paige_Biasioni,BRNZ,51,3,06/01/2020
3817568953,Ed_Chelley,PLAT,59,79,24/08/2020
3063528371,Reece_Burnsyde,PLAT,87,78,08/10/2020
5287628197,Lillis_Luetkemeyers,BRNZ,28,58,10/11/2020
5914224585,Adrea_Hindhaugh,SLVR,56,27,21/04/2020
4581100850,Farra_Postles,SLVR,99,63,11/03/2020
4692970711,Fin_Howden,PLAT,61,90,11/06/2020
6986663119,Adlai_Nelsen,PLAT,98,58,06/03/2020
8484994603,Bambi_Clewes,SLVR,30,45,26/10/2020
3334545667,Ben Gurion,PLAT,50,35,12/08/2020
